Model,MAE
Random Forest,1.9571382654869491
Moving Avg,3.013888888888889
Last Value,3.358333333333333
Linear Reg,3.923448791805372
Average,7.198828828828828
